audio_id,baseline_segments,embedding_segments,baseline_avg_words,embedding_avg_words,baseline_std_words,embedding_std_words
dHTgffkpeYo,46,202,480.1521739130435,109.34158415841584,637.7449390452917,136.17892697457228
oJNvxYEcVAY,81,281,421.48148148148147,121.49466192170819,478.3511317145805,142.87152033844285
iqBh7G4uDR8,66,287,412.8636363636364,94.94425087108014,366.3634925558031,105.58526300158921
kFQUDCgMjRc,8,235,3576.0,121.73617021276596,3545.3691274675475,138.75460724653882
Z_LhPMhkEdw,22,94,476.5,111.52127659574468,386.9788284084333,111.64025895548119
naed4C4hfAg,12,38,1582.1666666666667,499.63157894736844,4389.252059165536,2361.8429960414683
Whtt2H5_isM,44,199,534.6590909090909,118.21608040201005,477.9421771407945,123.28097801532743
PgtedwKGhXs,27,93,490.25925925925924,142.33333333333334,524.9448360854544,120.17382869802664
4KiO8GRgwDk,82,305,384.1463414634146,103.27868852459017,405.45915321477145,104.26604230816427
gp4U5aH_T6A,94,419,474.6489361702128,106.48448687350836,583.9511912612766,135.59791263912413
YJF01_ztxwY,40,204,521.525,102.25980392156863,534.0194747151081,134.97235066152922
uykM3NhJbso,72,249,417.4861111111111,120.71887550200803,505.9555040014102,143.65171962543974
CwyOUS8TSl0,39,171,381.20512820512823,86.94152046783626,334.5389617021886,124.00210843342056
oCkkjnpS2f8,29,148,445.1034482758621,87.21621621621621,417.4253883219079,103.65656264934495
DKyzcbNr8WE,19,85,493.3157894736842,110.27058823529411,446.7047833132113,127.48816676209546
xewD1apJNhw,1,132,26409.0,200.0681818181818,0.0,195.97066853740446
2a7CDKqWcZ0,32,230,681.625,94.83478260869565,560.5220083770128,120.32426698281914
BIk1zUy8ehU,86,291,407.1162790697674,120.31615120274914,553.2791552990952,128.04781798620655
d2bYwYxqJCM,53,235,481.52830188679246,108.6,570.3647493597502,112.80486635043908
uX5t8EivCaM,31,119,472.0,122.95798319327731,759.9378157921658,187.14122627235938
G433fa01oMU,78,373,437.43589743589746,91.4745308310992,443.9737110992852,104.41565997671219
sY8aFSY2zv4,13,287,2300.769230769231,104.21602787456446,3191.4667752484584,99.76841837015782
nvBEXXnNaNQ,30,172,669.5,116.77325581395348,654.6795526566159,141.81613048642902
WxfA1OSev4c,45,219,542.3777777777777,111.44748858447488,648.1380610432005,138.5310433883946
KZnGSVwIpeU,31,143,469.35483870967744,101.74825174825175,617.2085206479718,111.28433113912972
ZecQ64l-gKM,61,390,680.8524590163935,106.49230769230769,798.7049114715068,124.15950738530552
VHg9sfOzBbY,27,269,1280.6296296296296,128.53903345724908,1640.6244553725664,155.26766480144795
oYQh1ZNkC70,31,152,551.0645161290323,112.38815789473684,665.6430282057789,134.33359150686385
R5rNoV1Qy_Q,48,206,589.4166666666666,137.3398058252427,786.952371317491,135.59695799477961
dSVLjAdo8UA,53,266,563.8679245283018,112.34962406015038,634.38358248451,120.73161194947585
P6prRXkI5HM,49,212,470.44897959183675,108.73584905660377,806.0199283813884,124.69168027554798
bqeuFiAUU4o,117,495,466.65811965811963,110.3010101010101,667.8971741627479,126.14812641081711
LDTe8uFqbws,34,157,535.4411764705883,115.95541401273886,620.1682974225848,168.2120417976083
a3Wpy6gE4So,39,281,818.5897435897435,113.61209964412811,1001.552300769589,119.43584347963194
0ZO28NtkwwQ,55,229,415.07272727272726,99.68995633187772,579.3018636740247,117.21012719296903
SGSOCuByo24,39,111,319.84615384615387,112.37837837837837,389.70084111037045,139.6194992741004
7Grseeycor4,51,201,419.4313725490196,106.42288557213931,498.17495371200584,108.67842597438779
Tj6NOfdfa4o,20,68,339.35,99.80882352941177,306.4774502308449,121.73334616777834
piHkfmeU7Wo,24,105,425.1666666666667,97.18095238095238,535.0234158946275,108.49558085820655
nWTvXbQHwWs,61,246,479.5245901639344,118.90650406504065,575.2067513271842,145.196850533514
hi9Rf0oLdHk,65,345,617.8153846153846,116.4,672.6548295844709,129.91708392529512
KllCrlfLuzs,26,148,598.6923076923077,105.17567567567568,792.159063729325,119.27295043564799
KOwm7GUjcg8,39,198,554.7179487179487,109.26262626262626,539.2609828520523,138.0339649212853
cQ48rP_Rs4g,25,97,475.36,122.51546391752578,536.8070699981512,127.2382385468147
7uHGlfeCBbE,11,56,457.90909090909093,89.94642857142857,430.0309617913267,99.74582333591309
srUlKNLZTas,66,252,436.3030303030303,114.26984126984127,567.7588041481938,132.87217348744014
oIOGUYOPAsA,42,218,533.0238095238095,102.69266055045871,513.4041148524155,118.10631985702196
ZFntEFXKDHM,65,218,444.66153846153844,132.58256880733944,480.7175814717979,149.09819148912516
WgytXF0SPh0,33,218,583.2727272727273,88.29357798165138,454.0821092968441,96.37610792588156
Bo8MY4JpiXE,40,178,436.925,98.18539325842697,414.5743231014193,125.0166029877558
b7bStIQovcY,21,97,503.8095238095238,109.0721649484536,606.2757206363343,103.49194374967645
tApj7Q37P2k,65,232,430.84615384615387,120.71120689655173,539.3480745883221,148.98084305890944
KZkYSSE8HHI,40,169,447.775,105.98224852071006,570.9364451276516,109.37777071372913
pDSEjaDCtOU,39,152,424.3076923076923,108.86842105263158,515.5487568698611,135.82470728123525
hZenJc1fa70,40,262,705.975,107.7824427480916,936.7881160513299,234.58396337974386
4dC_nRYIDZU,35,208,843.4285714285714,141.92307692307693,776.1162021138803,179.40819874004623
OpSmCKe27WE,71,350,547.1267605633802,110.98857142857143,698.8254518123775,126.54537248733824
LW59lMvxmY4,36,167,441.47222222222223,95.16766467065868,445.69100445332896,117.05138094347193
vNhSCF9i8Qs,83,313,462.43373493975906,122.6261980830671,686.2522138620964,166.9474986361907
rfKiTGj-zeQ,26,155,678.1538461538462,113.75483870967741,700.1081066140754,130.0140112516654
dmVqpx4YOY4,43,156,483.16279069767444,133.17948717948718,718.1606651307555,146.29520941292955
HhY95m-WD_E,45,170,428.84444444444443,113.51764705882353,705.8054801448266,150.28064818197012
yImlXr5Tr8g,27,249,1058.037037037037,114.72690763052209,999.5297961757182,146.83443439251224
Iuven0crywo,23,118,598.695652173913,116.69491525423729,490.26952966733194,128.01036163533703
iSMpTmibeDw,58,325,638.8793103448276,114.01538461538462,871.5487815019051,118.88586540915131
azOmzumh0vQ,12,46,493.75,128.80434782608697,542.0240039272553,190.54277387701842
tg_m_LxxRwM,48,157,393.6458333333333,120.35031847133757,477.17670074369613,160.960091831233
vNOTDn3D_RI,29,143,547.0689655172414,110.94405594405595,821.343051980633,108.31150209302436
ziQSpuST6Es,30,148,593.7666666666667,120.35810810810811,644.7896651019015,130.47765730530344
1d9Dj9dT_pw,10,37,490.3,132.51351351351352,470.32139011531257,154.7289909105458
S_AFc_BXht4,34,175,608.7058823529412,118.26285714285714,696.680386227166,158.52253392898217
uTCc2-1tbBQ,23,128,675.2173913043479,121.328125,526.9193450797585,124.85104308328535
M1-v-dXIzho,29,132,522.9310344827586,114.88636363636364,483.87330423789894,128.383165122133
Gfr50f6ZBvo,34,196,678.3529411764706,117.6734693877551,768.157378266633,140.59975582106443
epQxfSp-rdU,11,53,566.9090909090909,117.66037735849056,494.7161637187814,130.8553779539849
cMscNuSUy0I,8,50,615.625,98.5,770.0939776254584,119.46903364470644
Q6tDV3BhrcM,65,264,543.3538461538461,133.78030303030303,607.0860648849673,137.14907363853456
ghwaIiE3Nd8,9,33,1306.3333333333333,356.27272727272725,2891.5951384044834,1382.8301298583558
SK4kMPmgKW0,31,178,618.9032258064516,107.78651685393258,706.523079313406,118.49410661020589
SOr1YYRljV8,50,298,539.84,90.57718120805369,670.2178559244746,128.55535361232523
AzdxbzHtjgs,34,137,506.9117647058824,125.8029197080292,608.9538941132648,167.56590769644114
-EVqrDlAqYo,35,222,697.4571428571429,109.95945945945945,888.8533011810264,144.46668987206255
fIPxfzfOTxk,60,281,435.31666666666666,92.95017793594306,579.4379026742689,120.68215514790376
bQa7hpUpMzM,27,120,451.55555555555554,101.6,505.71228339862074,118.827213493655
Aq9UPIXbtKI,42,244,568.4761904761905,97.85245901639344,673.5426680052146,124.426334262035
arrokG3wCdE,27,169,711.1851851851852,113.62130177514793,539.6675957055373,132.82790759986636
iwcYp-XT7UI,28,171,759.9285714285714,124.4327485380117,824.9765333706438,125.08607508030319
0jspaMLxBig,30,147,520.5333333333333,106.2312925170068,531.6906828431568,125.85355208256455
hppbxV9C63g,37,210,587.9459459459459,103.5904761904762,688.9131646510398,111.79902846822915
85F0FDsPHf8,54,200,338.74074074074076,91.46,366.4386253084816,114.24757502896944
q7Qk4vYleXw,70,250,397.22857142857146,111.224,404.63843371683856,120.49550126042051
eF-E40pxxbI,79,312,476.9113924050633,120.75641025641026,553.5899682149125,141.32247955700245
Iau6W5pjy9Y,25,133,529.64,99.55639097744361,682.4677504468618,112.96745246440793
q6zEzZCtkXw,48,200,510.9583333333333,122.63,714.5190678098722,152.64142000125653
RvhpncC5jZ8,55,219,550.5636363636364,138.26940639269407,625.3511526592331,156.66989851455472
kq0VO1FqE6I,23,86,420.4782608695652,112.45348837209302,438.4729300617946,128.99681418246968
Hc4XvHTlW3s,45,210,575.4444444444445,123.30952380952381,491.9852100557295,151.55327337672983
tueAcSiiqYA,56,245,530.1071428571429,121.16734693877551,686.580987798324,148.69753080825342
lVHRs3uTHNI,15,90,584.4,97.4,863.4802294590576,104.16405863401786
7KTbEn7PiaY,19,94,604.9473684210526,122.27659574468085,680.9496058086602,142.241060314787
lEZPfmGCEk0,17,60,391.3529411764706,110.88333333333334,421.00746691386814,105.76279933049344
5zOHSysMmH0,37,168,566.3783783783783,124.73809523809524,782.1784323752772,143.86792215411785
ykY69lSpDdo,20,147,642.15,87.36734693877551,524.6544839225144,98.53305544542016
A22Ej6kb2wo,48,238,543.2083333333334,109.5546218487395,707.984579585287,112.6710984601568
v-9Mpe7NhkM,37,167,500.43243243243245,110.87425149700599,503.06076901952486,122.4515145225688
5Gk9gIpGvSE,53,328,790.0566037735849,127.66158536585365,918.6656939133906,130.24834903658055
sndW9hzX-wA,46,284,648.2391304347826,104.99647887323944,927.7016289636731,121.53624910600375
yTWa-Z1UQwU,24,123,622.4583333333334,121.45528455284553,662.9548739775246,153.545324577845
mC43pZkpTec,40,326,873.625,107.19325153374233,819.0552694263068,128.4718443904499
iOCfIFBBpVY,32,139,507.71875,116.88489208633094,588.0808423579513,130.4230570126614
98HZanvAJ8Y,36,138,465.8611111111111,121.52898550724638,551.3335929452119,137.7206367888325
nkWmiNRPU-c,24,107,598.625,134.2710280373832,619.0689119220358,131.56779781659196
OYsYgzzsdT0,49,214,460.6734693877551,105.48130841121495,448.0467991115278,130.40880053930846
BCdV6BMMpOo,43,229,565.953488372093,106.2707423580786,1107.5818611877035,129.57493850989056
G4hL5Om4IJ4,72,256,375.2083333333333,105.52734375,424.39142498078616,121.34956943606902
SGzMElJ11Cc,57,229,465.0701754385965,115.75982532751091,656.442187822051,119.80752012893628
urdNsyZBqhQ,23,218,896.7826086956521,94.61467889908256,895.3983304274835,103.22749511555861
QSPtSNqUCUw,22,106,594.7727272727273,123.44339622641509,669.3625143521518,152.10076601525685
I51DuprOb0o,45,170,384.9111111111111,101.88823529411765,454.87267191415333,127.0580894586638
J21-7AsUcgM,31,134,508.16129032258067,117.55970149253731,594.3124027394582,139.14989830009154
ktuw6Ow4sd0,58,264,559.8965517241379,123.00757575757575,588.0315406053744,136.34248299734247
L-RuvUkcyJI,37,200,599.5945945945946,110.925,706.4098978316806,168.1901881056086
XW0QZmtbjvs,54,233,567.6666666666666,131.56223175965664,638.8003513531352,181.29608897679245
SFxIazwNP_0,78,415,559.1666666666666,105.09638554216868,870.3761994864512,143.97245506783926
mDyBbGCiBUU,44,213,518.25,107.05633802816901,481.97298703067656,129.44165622369286
gFEE3w7F0ww,75,301,484.44,120.70764119601328,531.1697591793669,124.90299588140522
smK9dgdTl40,12,58,459.75,95.12068965517241,697.2032373466626,121.46122945859447
PbN3HzKkW4M,24,472,1859.0833333333333,94.52966101694915,2385.6262615343217,104.50465873105973
ImKkaeUx1MU,25,119,627.32,131.78991596638656,533.60717536405,151.98589463242905
pEBI0vF45ic,29,125,362.7586206896552,84.16,356.91751729191105,97.41789568657289
t06rkOOUa7g,24,210,880.0833333333334,100.58095238095238,1416.686242511807,132.56766688697087
3qMemn__kK8,20,85,468.5,110.23529411764706,440.9109320486395,145.73139248056768
3x1b_S6Qp2Q,22,128,673.3636363636364,115.734375,702.3016410640959,141.7485937085775
tOtdJcco3YM,40,349,903.25,103.5243553008596,920.2211894430599,115.20343340678018
FKCJWkPehdY,17,138,772.5882352941177,95.17391304347827,1139.2777928465716,130.08508436613002
_TTNGq9djU4,17,55,377.7647058823529,116.76363636363637,359.89059275608366,147.90893557571326
j4PEu4sVD40,43,174,464.0,114.66666666666667,469.27118157890874,124.05696380372699
Fx0G6DHMfXM,18,163,1007.0,111.20245398773007,953.4141574130077,139.2652568773671
5f-JlzBuUUU,16,78,636.125,130.48717948717947,631.3205282382318,129.57096299333068
E1AxVXt2Gv4,44,145,361.09090909090907,109.57241379310345,409.77198860418474,121.1645074256106
3FIo6evmweo,17,84,626.5294117647059,126.79761904761905,574.8490459290476,145.26681361270442
YbJZnShMQAo,14,119,2174.5714285714284,255.83193277310923,4692.4082564178025,1505.8491689583543
uiNpESmPioQ,52,285,720.9807692307693,131.54736842105262,975.0094179108182,154.8401168667875
8wYZjOzfTUk,47,215,568.2340425531914,124.21860465116279,617.3070966764128,146.47801209041575
O9upVbGSBFo,28,162,624.5,107.93827160493827,1092.6651068439432,134.19792326768075
Ad89JYS-uZM,47,146,377.8085106382979,121.62328767123287,573.319881685678,133.91057844445376
TRdL6ZzWBS0,36,139,422.3888888888889,109.39568345323741,460.7749075547613,132.396918974836
J6XcP4JOHmk,31,149,530.0645161290323,110.28187919463087,747.4569330773587,133.34524401405028
cC1HszE5Hcw,61,249,427.0,104.60642570281125,570.7712067823703,120.7283357089283
1C2tPFCGL1U,70,363,480.5857142857143,92.67493112947659,503.9734543138767,96.63226767842974
EYIKy_FM9x0,43,185,486.1162790697674,112.98918918918919,771.2546169415109,137.16669634364266
q0mokx-iiws,27,96,441.0740740740741,124.05208333333333,475.20949968104134,142.08568202787495
KW8Vjs84Fxg,35,163,543.8571428571429,116.77914110429448,560.8486499611686,146.1528750240306
llh-2pqSGrs,21,84,507.3333333333333,126.83333333333333,578.2543791309556,136.7998044879323
-k-ztNsBM54,71,243,476.2535211267606,139.15226337448559,532.2959496187807,149.54145778932943
iZjby1LkTWQ,77,339,525.961038961039,119.46607669616519,610.4194521580604,144.80961318382282
KBZP4rLk6bk,92,390,468.0217391304348,110.40512820512821,595.0018446858666,126.10022458492362
ZPPAOakITeQ,22,145,624.2272727272727,94.71034482758621,663.3558575920264,101.07019870069682
yzMVEbs8Zz0,21,178,1100.6190476190477,129.84831460674158,1047.58504490273,148.8864453896155
U_AREIyd0Fc,65,251,522.5076923076923,135.31075697211156,655.1421248759557,152.9183017684988
xlMTWfkQqbY,22,85,489.3636363636364,126.65882352941176,686.0539036239688,161.68411853627188
zNdhgOk4-fE,41,140,405.5853658536585,118.77857142857142,492.7718007259748,129.18597158787034
LAyZ8IYfGxQ,56,225,492.26785714285717,122.52,650.5819782282692,132.56210552877553
Vrz8YDl9CeA,41,181,513.219512195122,116.25414364640883,507.40028515499654,154.01008629867468
o2nG7-eXxko,14,189,1946.2142857142858,144.16402116402116,2250.2445955486523,151.77412755628166
uTxRF5ag27A,25,129,570.8,110.62015503875969,523.107331242834,127.33409597148435
hy2G3PhGm-g,34,179,537.6470588235294,102.12290502793296,570.0238324405157,114.97187647589139
6ePR2TWYVkI,25,101,430.08,106.45544554455445,583.4493239348213,146.60295437924256
x0-zGdlpTeg,19,92,641.0526315789474,132.3913043478261,602.9324369659558,142.3252518553541
H_szemxPcTI,1,67,14776.0,220.53731343283582,0.0,234.08732446114925
LRYkH-fAVGE,29,136,486.7241379310345,103.78676470588235,639.179964758279,120.43972180942993
QDN6xvhAw94,12,72,747.8333333333334,124.63888888888889,1039.7897089743142,193.34219128813754
2wq9x2QcZN0,28,106,449.10714285714283,118.63207547169812,888.1208628851348,121.05926550089814
WzsivT_Ap1w,46,183,435.69565217391306,109.51912568306011,495.89847617909516,127.75915873107778
ez773teNFYA,69,256,482.2463768115942,129.98046875,539.9972465253767,145.8518204369773
IT__Nrr3PNI,21,85,675.6190476190476,166.91764705882352,1064.1642137954566,226.88375939413692
iNqqOLscOBY,43,167,366.3720930232558,94.33532934131736,497.8987486149804,111.40418996723959
0Jd7fJgFkPU,69,289,460.07246376811594,109.84429065743944,527.6394332881086,147.4753394795233
CY_LEa9xQtg,47,173,391.02127659574467,106.23121387283237,460.5617517845799,134.36398566651425
IUHkhB366tE,26,145,588.9230769230769,105.6,606.2618704992932,118.73084019661067
nAMjv0NAESM,46,109,426.54347826086956,180.0091743119266,460.9310382505004,241.5050095559151
n2RcVEftY48,20,168,930.7,110.79761904761905,1257.882589910521,155.31571377910228
lvh3g7eszVQ,74,305,496.6756756756757,120.50491803278689,497.7830610766237,131.1106183270754
2fI6bYnRgSc,25,90,304.68,84.63333333333334,382.18066094453286,83.12446491055849
UOEpe17nPhE,57,204,429.70175438596493,120.06372549019608,583.9355577552691,144.5759887647226
nDDJFvuFXdc,24,171,939.5833333333334,131.87134502923976,781.4746699172163,160.19923942826813
4-SGpEInX_c,84,360,464.76190476190476,108.44444444444444,644.3955938752961,139.65623358893407
Z6rxFNMGdn0,19,92,612.3684210526316,126.46739130434783,579.1568472699016,155.05065449204687
B2tXN7ZnSfU,64,332,546.875,105.42168674698796,663.4256151785218,107.96297005538047
CejJ2aVRUE8,40,130,349.575,107.56153846153846,419.9460017371281,153.18224459503
rIpUf-Vy2JA,68,308,466.1470588235294,102.91558441558442,438.220239575607,115.89840778007763
pRzelZlKl7E,7,110,1632.2857142857142,103.87272727272727,1309.667647511679,117.23458294384184
36_rM7wpN5A,52,234,494.36538461538464,109.85897435897436,589.4944714572803,136.3885592200737
hhEwWghH_XM,55,335,805.4909090909091,132.24477611940299,1093.288914202168,195.66926045660938
dEv99vxKjVI,10,42,474.0,112.85714285714286,509.9752935192057,153.587197418549
8A-5gIW0-eI,35,177,532.8571428571429,105.36723163841808,642.9910527196712,128.2081008295688
usDqSEKDVsA,35,244,545.6285714285714,78.26639344262296,627.0013026058142,79.87997359836012
OJQepiqSWvg,24,74,366.7916666666667,118.95945945945945,464.5615297574214,135.25925448571766
YJWPowbCK_I,33,154,646.5454545454545,138.54545454545453,947.2237613122311,171.74838477885035
Q24cpnHzx8I,65,276,445.12307692307695,104.82971014492753,632.9452402536599,131.48641573601583
H9AAnV59ddE,79,236,348.3544303797468,116.61016949152543,380.9735376695111,118.2466922817061
gk4tEO4jDUM,30,162,542.2666666666667,100.41975308641975,965.8824267074241,105.30160846643344
9LQffCdHHlQ,21,83,488.6666666666667,123.63855421686748,396.68751445814894,135.29695838158113
4oDZyOf6CW4,64,234,445.109375,121.73931623931624,463.3160070752028,141.77047626855463
NbdRIVCBqNI,40,177,496.725,112.2542372881356,726.2717462320836,131.65610826553893
OaeYUm06in0,66,292,461.4848484848485,104.3082191780822,559.8158041882316,121.85476225051708
l-mYLq6eZPY,16,66,456.0,110.54545454545455,371.91178389505217,119.7568473171319
-t1_ffaFXao,96,400,484.3125,116.235,562.9470133536104,153.12929104191662
jvGZkf87aCs,54,197,421.1296296296296,115.43654822335026,762.6003041809647,141.65064727119744
Ui38ZzTymDY,27,170,702.4814814814815,111.57058823529412,776.7074557896857,143.14960608811816
i6rnzk8VU24,19,74,426.36842105263156,109.47297297297297,551.9744664695542,112.20134206608984
ndMahzDCH1Y,52,260,553.0,110.6,730.3163961335789,138.14418888638394
tOTenjh_8hw,27,104,656.5185185185185,170.44230769230768,760.2461282920095,173.46268867945443
EG7I6Bt_NZY,40,188,620.925,132.11170212765958,629.6117211226297,141.23258044075322
STFcvzoxVw4,12,81,529.4166666666666,78.4320987654321,318.7053127716714,86.71778240063611
iZRbD7q1n-U,109,476,412.6238532110092,94.4873949579832,519.6605064846007,110.62905430418795
13CZPWmke6A,18,160,903.5555555555555,101.65,506.8795848919612,118.05958241498232
8RVa0THWUWw,21,81,413.0952380952381,107.09876543209876,565.5627542766084,111.76724104725565
-tDQ74I3Ovs,49,187,425.61224489795916,111.524064171123,549.433281917499,160.68976723044133
reYdQYZ9Rj4,48,291,628.875,103.73195876288659,706.0236547323798,105.81386583054781
ifX_JnBfxTY,41,191,614.2682926829268,131.8586387434555,818.8021597428308,143.7557043392858
USnqkUAr_3w,58,225,379.36206896551727,97.7911111111111,408.60851756932595,125.72713279554121
grceJbuPUXI,58,277,571.3793103448276,119.63898916967509,665.7674551970263,147.4013149518
nhGwJLXzHs8,74,396,601.2432432432432,112.35353535353535,741.182215091444,122.31157953154425
aSyZvBrPAyk,22,92,447.95454545454544,107.1195652173913,672.4580742100194,111.98115547903431
CGAvsmokB4c,52,178,357.5192307692308,104.4438202247191,447.5691390674319,117.77392021171366
Gi8LUnhP5yU,30,122,449.73333333333335,110.59016393442623,400.70104677788015,145.32319854173096
mRZE-SJShkE,23,100,588.9565217391304,135.46,701.2860532938207,128.72337938385553
TG6BuSjwP4o,59,238,523.4237288135594,129.7563025210084,603.1998629734433,138.16039067951135
U5OD8MjYnOM,50,252,515.22,102.22619047619048,618.2638042130559,113.84035931644388
3Z7WimACqG8,61,178,329.73770491803276,113.0,419.6884051660209,122.77027052932114
XOPO9J7DIXw,64,258,434.421875,107.76356589147287,409.0337243388183,121.96772634371341
NOReE-3EBhI,29,164,617.1724137931035,109.13414634146342,725.6881665709246,128.15989081813066
jhKZIq3SlYE,40,158,435.95,110.36708860759494,670.5637907760902,139.06415760180076
FhfmGM6hswI,105,332,284.22857142857146,89.89156626506023,336.3943054028754,92.05825971570484
xF6x1ftN-H4,48,225,488.25,104.16,617.7614662364971,109.95967422448811
PUAdj3w3wO4,52,238,427.03846153846155,93.30252100840336,677.7196482304709,114.41473685872481
Udh22kuLebg,25,256,925.08,90.33984375,775.5231999108731,113.78841098712815
4AWLcxTGZPA,26,205,859.4230769230769,109.0,995.4704405099098,118.85178308070694
YUYagvESisE,14,89,709.4285714285714,111.59550561797752,714.2266261274412,115.896284426402
rKnoNfajUgM,57,296,523.859649122807,100.87837837837837,634.3505157189197,108.49775221269877
3wMKoSRbGVs,41,191,628.829268292683,134.98429319371726,856.1008859639411,158.0169808768755
3t06ajvBtl0,33,156,527.7878787878788,111.6474358974359,544.3165165196684,139.58986649022455
rIAZJNe7YtE,30,194,882.6,136.48453608247422,1005.9106852333695,139.2349948162667
80OvNaEgmmw,43,152,410.95348837209303,116.25657894736842,420.22789794201134,132.2942541970722
0-3kw5BEKB8,45,113,319.1111111111111,127.07964601769912,398.6607704258637,146.78731478028226
P-2P3MSZrBM,55,351,575.0909090909091,90.11396011396012,588.6902649943971,109.91715919221755
hGRNUw559SE,61,338,674.7213114754098,121.76923076923077,1093.6592080334315,154.66904924030342
2BdBfsXbST8,29,137,490.82758620689657,103.89781021897811,594.677140394657,130.95780145385848
RL4j4KPwNGM,47,237,634.1914893617021,125.76793248945148,722.9739007766219,131.95025651852086
uy1fX2vOAEE,53,260,481.8301886792453,98.21923076923076,593.1888157780079,118.91468344098563
KMgPxVnKLSk,30,124,362.7,87.75,346.42143409437006,94.17816206359848
hIC9FQpxVwQ,13,55,421.15384615384613,99.54545454545455,307.2958599820866,109.19520771732499
gU-mkuMU428,17,81,638.0,133.90123456790124,813.4500960867417,179.78626576159962
U_lKUK2MCsg,29,108,396.13793103448273,106.37037037037037,442.1374200589778,129.78883081207923
orMtwOz6Db0,24,142,605.6666666666666,102.36619718309859,736.0697808103673,116.88169526643375
VeH7qKZr0WI,114,742,738.438596491228,113.45283018867924,944.2911667664364,139.33918867309472
T3FC7qIAGZk,86,368,445.7906976744186,104.17934782608695,453.2771398326438,110.64873134112635
J48bm21q8_A,47,209,431.40425531914894,97.01435406698565,571.0805979400757,129.91754759058222
cdiD-9MMpb0,89,394,433.65168539325845,97.95685279187818,483.08482287551226,102.70583228830857
f0un-l1L8Zw,31,161,607.741935483871,117.01863354037268,554.3171310628984,118.99477894750817
FKh8hjJNhWc,105,518,566.847619047619,114.9015444015444,773.045502029872,127.00275115407392
6z1JwZbX4dQ,41,193,601.609756097561,127.80310880829016,537.6386436300229,166.62057853821014
Pl3x4GINtBQ,81,485,609.358024691358,101.76907216494845,698.057946383879,124.96148797312999
7jFdxd1qX2g,25,77,372.72,121.01298701298701,466.039527937277,136.4844783055952
j4_VyRDOmN4,47,282,504.74468085106383,84.12411347517731,598.030578741593,113.79598916058848
ClxRHJPz8aQ,46,260,654.4347826086956,115.78461538461538,754.3365830511607,126.5861813223511
cC1LFC0KFSw,64,405,629.875,99.5358024691358,767.9262558182263,111.80013837382056
ICj8p5jPd3Y,52,266,679.1153846153846,132.7593984962406,758.3364803671398,164.65017143331997
3LWNY70Oj4A,21,101,512.7619047619048,106.61386138613861,796.9885525115571,107.7148757661973
U_6AYX42gkU,59,194,403.8305084745763,122.81443298969072,551.0689197582008,159.95587857486788
cuD9uNFXnU8,53,222,547.5471698113207,130.72072072072072,672.8997953391439,156.49331051939058
krB0enBeSiE,77,357,433.54545454545456,93.50980392156863,477.0564655368458,112.51150225277965
s78hvV3QLUE,20,96,414.25,86.30208333333333,425.84244445569306,104.60183632387336
K78jqx9fx2I,72,337,625.8611111111111,133.71513353115728,653.7816129079673,160.6821941466551
0RTWSJAqTPg,35,199,1053.7714285714285,185.33668341708542,1697.8285305600427,623.427889880183
c9AbECvRt20,33,122,629.4242424242424,170.25409836065575,881.6031550809403,167.53005903396786
60KJz1BVTyU,17,65,447.1764705882353,116.95384615384616,514.9912889376488,142.7173032223257
AF8DOS4C2KM,54,265,573.4074074074074,116.84528301886793,658.2806031911641,145.72709900156
VBPTFlpv31k,53,231,544.8490566037735,125.008658008658,589.206258412061,162.63943046083045
Ktj050DxG7Q,42,217,633.7619047619048,122.66359447004608,759.1335226529122,148.5173800500855
qfKyNxfyWbo,48,168,483.0208333333333,138.00595238095238,756.2198338221316,186.7779269940327
GbhiVzCR9T0,29,119,476.8965517241379,116.21848739495799,605.8309963966899,149.92178126794104
386s-y1aRRo,31,144,590.2258064516129,127.0625,899.7533966692752,126.62922795124267
-jA2ABHBc6Y,55,178,324.7818181818182,100.35393258426966,387.26137243276975,104.13249722789136
50r-5ULcWgY,40,188,499.825,106.34574468085107,517.5839491087412,139.46017746623417
2oHH4aClJQs,67,261,404.6119402985075,103.86590038314176,481.0100987311076,127.1696954568191
KdmDtqB46Jc,47,289,626.7021276595744,101.9204152249135,739.8963675247529,104.54722231578052
e4Bet29PVPY,64,241,436.828125,116.00414937759336,503.51112682242126,128.35219627975442
-DVyjdw4t9I,22,236,1220.1818181818182,113.7457627118644,1392.9507149267256,147.5802388154493
HYsLTNXMl1Q,12,73,716.8333333333334,117.83561643835617,820.6108327879232,131.45070576660214
_VPxEcT_Adc,24,80,425.4583333333333,127.6375,594.1136941673893,123.14688828285512
Z1KwkpTUbkg,59,249,435.93220338983053,103.29317269076306,484.4024403501483,118.91770294564967
I845O57ZSy4,88,375,671.2840909090909,157.528,1660.7607782200823,252.95837579069538
X0-SXS6zdEQ,53,253,562.6037735849056,117.85770750988142,547.7040014399266,153.17659958994443
aYwDs9LTN50,17,83,529.2352941176471,108.39759036144578,762.2181661912633,128.5927483723428
Y3VBCWIDEzk,30,211,838.8666666666667,119.27014218009478,1055.0626753368203,114.33511901539327
l-NJrvyRo0c,13,57,460.2307692307692,104.96491228070175,559.261209625445,114.91873023282862
nre0QT9LN6w,51,199,416.70588235294116,106.79396984924622,568.8471414690899,126.55327503041443
qLDp-aYnR1Y,56,251,489.875,109.29482071713147,543.231306380756,143.64251475412206
plcc6E-E1uU,67,253,383.65671641791045,101.60079051383399,449.650064676794,120.68190114593497
jdIyNMkusLE,60,245,532.4166666666666,130.3877551020408,584.2192023452233,144.42389653682247
EE1R8FYUJm0,36,186,545.2222222222222,105.52688172043011,692.7523652115327,122.08119908424159
Ww6pfsWmkdY,20,82,478.6,116.73170731707317,584.5469527762505,165.6425072683888
o0Bi-q89j5Y,40,247,622.45,100.80161943319838,835.967671324675,101.42980419760097
kSbMU5CbFM0,45,222,602.8222222222222,122.19369369369369,556.1884688120621,138.48622839736083
Nb2tebYAaOA,34,152,438.61764705882354,98.11184210526316,481.67721768994073,111.2309445148214
xAfdSak2fs8,53,154,395.64150943396226,136.16233766233765,439.9593503666902,153.76299314876712
Er7Dy8rvqOc,22,84,459.1363636363636,120.25,551.8774810881772,175.29110991229908
DxREm3s1scA,54,236,403.4074074074074,92.30508474576271,521.9412666872166,129.35023461317857
3pvpNKUPbIY,45,205,652.9111111111112,143.3219512195122,693.045062579218,156.90339969298668
FUS6ceIvUnI,50,244,568.4,116.47540983606558,464.3506003011087,146.4593443903743
bIrEM2FbOLU,29,120,560.7931034482758,135.525,890.1466124614393,200.9279706138496
_AGPbvCDBCk,70,248,413.6714285714286,116.76209677419355,521.2739537881777,120.54300804755091
WgLo4gmEraU,24,80,403.625,121.0875,419.4735602017526,136.48811246313724
kD5yc1LQrpQ,21,125,432.6190476190476,72.68,407.02058871411924,68.69440734150051
IHg6ixt3CKc,64,274,511.3125,119.43065693430657,569.1612764355548,139.87417680731724
CDiqA4SJNpA,54,226,508.537037037037,121.50884955752213,574.1128006650933,139.76887499461586
KsZI5oXBC0k,28,114,441.39285714285717,108.41228070175438,664.2522831449398,113.3674983129899
aGBLRlLe7X8,38,174,538.3947368421053,117.58045977011494,584.2847422039181,140.42403709084874
anXep8kBOCg,26,88,411.84615384615387,121.68181818181819,369.98936495190617,141.0618453547097
uPUEq8d73JI,28,137,623.25,127.37956204379562,737.2024641943933,151.42207320540422
UwwBG-MbniY,20,121,536.9,88.74380165289256,592.8700447821597,112.3638959195016
1XGiTDWfdpM,72,391,482.1388888888889,88.78260869565217,625.3731176389277,110.94920062595052
M95m2EFb7IQ,28,123,502.5357142857143,114.39837398373983,572.7456105801034,142.7573266291407
TPXTmVdlyoc,55,240,526.1272727272727,120.57083333333334,608.319355558499,147.92704840327735
EwueqdgIvq4,50,252,566.36,112.37301587301587,511.5924456048975,148.75255015164882
DbXjoXnIxQo,38,225,758.3684210526316,128.08,1047.9477794606248,153.14458759979445
NwzuibY5kUs,32,92,397.21875,138.16304347826087,472.69022191963893,145.8334575118744
p3lsYlod5OU,80,273,406.8375,119.21978021978022,520.3391788956027,146.46054630307412
1YbcB6b4A2U,42,229,562.4047619047619,103.14847161572052,848.7729254782714,127.13031776162046
yCd3CzGSte8,23,127,568.3478260869565,102.92913385826772,636.0425613798014,122.4572032651949
NERNE4UThHU,27,113,442.18518518518516,105.65486725663717,305.31853882607857,111.73354602879218
ygAqYC8JOQI,37,188,483.43243243243245,95.1436170212766,525.6392011246385,105.21257919545414
bgNzUxyS-kQ,4,81,4993.75,246.60493827160494,5540.872015080297,822.409673512371
HrehEWYj16s,76,344,487.55263157894734,107.71511627906976,505.70511988959385,123.61841232001551
2tUiLxtrLxk,36,203,666.6944444444445,118.23152709359606,945.3637400917421,136.1452085964701
brslF-Cy3HU,36,234,661.6111111111111,101.78632478632478,719.8864986841011,120.0392620286094
y3Umo_jd5AA,56,279,630.0178571428571,126.45519713261649,707.5319399926012,127.5631151670655
kxi-_TT_-Nc,28,127,603.1785714285714,132.98425196850394,662.0419739375307,162.97002208521727
aB8zcAttP1E,92,403,527.1304347826087,120.33746898263027,575.3301361787536,129.99099132957087
Kedt2or9xlo,35,146,510.1142857142857,122.28767123287672,534.5999183062612,141.05847222952448
_L3gNaAVjQ4,63,209,500.14285714285717,150.76076555023923,594.0400782038798,184.03559618077935
TISMidxdZoc,22,119,560.4090909090909,103.60504201680672,791.4125265562093,122.58491952759307
ew8U43IXTfk,44,200,423.6136363636364,93.195,346.2607540771111,107.2458249770125
tm7poMupE8k,62,212,383.1290322580645,112.04716981132076,500.2889643664004,145.38850893287915
